why good diet nutrut import, dietari factor singl most signific risk factor disabl prematur death despit wealth knowledg link food health nutrit receiv littl attent medic practic reason stem sever defici nutrit educ medic train
lower total fat intak caus weight loss, studi research found lower total fat intak lead sustain reduct bodi weight adult children durat six month eight year
supplement food substitu benefit, supplement aren intend food substitut older adult other mai benefit specif supplement
yoga ha mani mental physic benefit, yoga provid retreat chaotic busi live yoga provid mani other mental physic benefit benefit extend eat cook habit
make meal whole grain full fiber, good daili nutrit try make meal whole grain low sodium low sugar fiber rich low calori
kraft singl been label kid eat right, kraft singl first food receiv new kid eat right label stamp approv design academi nutrit dietet help famili make healthier decis groceri store kraft well known sponsor it competitor nestl wrote
lack vitamin d ha been associ mani cancer heart diseas even common cold, nearli half world popul suffer vitamin d defici lack vitamin d ha been associ cancer heart diseas diabet multipl sclerosi tuberculosi even depress mention brittl bone common cold
coffe part healthi lifestyl, coffe doesn deserv it dark histori moder consumpt mai incorpor healthi lifestyl bean like seed insid coffe plant red purpl berri reduc risk type diabet percent protect effect against liver endometri cancer
peopl eat vegetarian diet lower risk colorect cancer, research analyz dietari habit peopl at vegetarian diet had lower risk colorect cancer among at vegetarian diet includ fish reduct risk even greater
exercis weight loss import rest energi expenditur, regular exercis boost rest energi expenditur rate which burn calori workout rest benefit burn extra energi while rest onli remain elev long exercis least three dai week regular basi
fibr consumpt significantli aid weight loss, increas fiber consumpt significantli aid weight loss lower blood pressur enhanc insulin resist fast insulin
tip start own organ garden, grow own fruit veget almost us probabl grade school plant seed cup dirt water watch grow what distinguish organ garden ani other absenc synthet fertil pesticid synthet chemic pesticid come petroleum other chemic sourc while most organ pesticid deriv plant anim microorgan miner sourc
understand food label make easier make right food choic, know what eat understand food label make easier consum make quick inform food choic contribut healthi diet
refriger thermomet cold fact food safeti, on most effect tool protect yourself famili food born ill refriger room temperatur number bacteria caus food born sick doubl everi minut chill food proper temperatur on best wai slow growth bacteria
low carb diet effect low fat diet, mediterranean low carbohydr diet mai effect altern low fat diet low carbohydr diet favor effect lipid mediterranean diet posit impact glycem control therebi suggest person prefer metabol consider might help better individu tailor what eat
long term weight loss mainten, approxim overweight individu success lose least initi bodi weight maintain loss least yr
milk chees good, research ha shown longer necessari milk dairi product diet better consum healthi diet grain fruit veget legum fortifi food includ cereal juic nutrient dens food help meet calcium potassium riboflavin vitamin d requir eas without face health risk associ dairi product consumpt
stai consist meal frequenc, benefici stai consist given meal frequenc throughout week irregular eat pattern neg metabol effect least absenc exercis
gain weight see ani factori mayb affect, studi suggest number psycholog factor have unrealist weight goal poor cope problem solv skill low self efficaci mai import effect behavior involv weight mainten relaps obes howev further research area need
import habit eat behaviour, studi investig behavior psycho social determin food choic show habit on most power predictor eat behavior research show habitu behavior fundament differ non habitu behavior behavior habitu peopl requir littl inform make decis intent poor predictor behavior behavior trigger situat on
relat between chang intak dietari fiber grain product chang weight develop obes among middl ag women, weight gain invers relat intak high fiber whole grain food posit relat intak refin grain food alreadi know consum whole grain help aid weight control
why stress caus peopl overeat, stress adren gland releas hormon call cortisol cortisol increas appetit mai ramp motiv gener includ motiv eat onc stress episod cortisol level should fall stress doesn t go awai person s stress respons get stuck posit cortisol mai stai elev
dietari guidelin, import reduc daili sodium intak mostli consum salt less milligram mg further reduct mg recommend person older ani ag african american hypertens diabet chronic kidnei diseas mg recommend appli half us popul includ children major adult mg equal teaspoon mg equal teaspoon
go gluten free just becaus here need know, take gluten free multivitamin multi miner supplement good idea anyon try avoid gluten opt go gluten free non medic reason import know set nutrit defici fortifi bread cereal becom major sourc b vitamin unit state although bread made white rice tapioca other gluten free flour becom common gener fortifi vitamin problem anyon especi worrisom women pregnant mai becom pregnant need vitamin b9 commonli known folat folic acid prevent birth defect
increas aerob exercis import prevent blood pressur, increas aerob physic activ should consid import compon lifestyl modif prevent treatment high blood pressur aerob exercis help reduc high blood pressur
vitamin d defici import common easili treatabl cardiovascular risk factor, new research indic vitamin d defici much preval previous thought present young adult children vitamin d defici common yet easili treatabl cardiovascular risk modern increasingli indoor lifestyl allow bodi produc enough vitamin d effort minim sun exposur us sunscreen other sun avoid strategi affect vitamin d bodi daili dose vitamin d3 iu ha been deem us food drug administr nutrit guidelin safe
prebiot probiot synbiot affect miner absorpt bone miner content bone structur, sever studi anim human shown posit effect specif pre probiot miner metabol bone composit bone architectur difficult draw conclut becaus benefit vari type amount preand probiot consum studi shown women yr postmenopaus mai benefit women around postmenopaus whose bone loss affect declin circul estrogen
quick guid chang behavior weight import, past few year ha becom clear weight import health issu peopl need lose weight need make behavior chang lose weight live healthier lifestyl
behavior weight loss intervent focu diet exercis consid most effect treatment obes, new direct behavior weight loss treatment program includ place emphasi self monitor dure high risk time provid meal plan groceri list prescrib multipl short bout activ encourag lifestyl activ encourag higher level exercis long term weight loss
weight loss habit help spous lose weight even try, mani reason hypothes weight loss on spous rippl effect other spous on spous chang hi her eat exercis habit other spous might emul new health behavior
team base social influenc impact weight loss outcom, team mate affect weight loss outcom dure team base intervent har maxim teammat influenc weight loss mai help develop weight loss program plan success
plate bigger stomach, larg plate bowl lead eat same reason giant popcorn bucket make portion look smaller short wide drink glass similar effect
dietari fiber bodi weight, averag fiber intak adult unit state less half recommend level lower still among follow current popular low carbohydr diet atkin south beach increas consumpt dietari fiber fruit veget whole grain legum across life cycl critic step stem epidem obes found develop countri addit function fiber weight loss diet should consid tool improv success
eat protein feel full long, swap protein fat produc similar weight loss improv metabol paramet ghrelin homeostasi protein fill carbohydr carbohydr bit fill fat
focus improv lifestyl caus weight loss, research found group women focus improv whole lifestyl includ stress manag social support addit eat exercis abl boost weight loss
public health recommend take least step dai, studi found low activ overweight individu undertook significantli physic activ had daili step goal us pedomet ask achiev minut walk dai therefor public health recommend step dai rather min dai could appli promot increas physic activ sedentari lifestyl
maintain weight loss keep eat fruit veget, sustain weight loss requir posit cope style continu contact support initi weight loss improv health measur develop normal eat style includ increas veget fruit low fat dairi
wish thin mai make prone see saw weight trend, moder high level expect regard be thin mayb prone see saw weight
lack control eat caus eat perceiv hunger, dietari disinhibit mean lack control eat person high level disinhibit frequent episod over like eat rapidli symptom disord eat higher rate perceiv hunger thu high level dietari disinhibit associ weight gain obes
peopl eat whole grain food weigh less, numer research shown peopl consum whole grain weigh less peopl consum less whole grain fiber whole grain caus weight loss fiber remov grain dure refin process
teenag year best time educ young women healthi diet, earli adulthood which time signific life chang mani women mai import time implement strategi promot mainten healthi weight strategi which encourag decreas sit time less takeawai food consumpt mai effect encourag weight mainten life stage sourc food where eaten import factor affect weight studi maintain healthier weight less like order food home
tv ad contribut childhood obes, fast food commerci televis nudg children eat unhealthi rais risk obes
why kid eat junk food earli prefer later life, earli exposur influenc children prefer same food grow
cook trick mai cut rice calori half, easi natur wai make rice less calor add littl fat let cool accord research us coconut oil refriger slash calori much
most confus thing sugar, peopl at most ad sugar doubl risk death heart diseas jama intern medicinestudi found
tai chi best exercis balanc, tai chi ancient chines exercis help older adult improv balanc lower fall risk slow flow motion tai chi train shift weight while maintain balanc
strength train build muscl, strength train ha benefit beyond offer aerob weight bear exercis target bone hip spine wrist which along rib site most like fractur
power sleep, new research show good night rest isn luxuri critic brain health
yoga result greater improv mood walk, studi week yoga program result greater improv mood anxieti metabol match walk exercis first studi demonstr increas level associ improv mood decreas anxieti first time yoga postur been associ posit correl between acut increas mode anxieti level improv mean score mood anxieti scale
yoga anxieti depress, avail review wide rang yoga practic suggest reduc impact exagger stress respons mai help both anxieti depress respect yoga function like other self sooth techniqu medit relax exercis even social friend
concern blemish must read, here depth report treatment prevent skin wrinkl blemish
dietari committe promot egg coffe healthi, report dietari guidelin advisori committe tri rehabilit onc frown upon food egg coffe while renew call banish process food sugari soft drink american diet commite eat too much salt sugar satur fat enough fruit veggi nut whole grain fish
nap boost product, accord new research minut short nap extraordinari benefit memori
search milk altern, milk altern like soi milk almond milk differ nutrit valu make sure get product which low sugar fat high protein calcium ditch sweeten flavor on
mother smoke mai affect girl lifetim reproduct health, new research suggest girl whose mother smoke while pregnant enter puberti younger ag new australian studi earli menstruat link higher risk uterin endometri breast cancer later life
estim workout time food intak correctli, on limit factor exercis weight loss peopl estim food exercis level accur mani research studi found common peopl try lose weight overestim physic activ same time common underestim calori consum
physic activ food choic weight manag goal practic among us colleg student, colleg campus provid ideal forum reach larg number young adult educ prevent program promot healthi weight manag addit vigor physic activ strengthen exercis limit consumpt high fat food student should encourag incorpor moder physic activ suffici consumpt fruit veget weight manag strategi effort impact student knowledg attitud behavior should begin dure orient process continu through ongo student servic physic educ class outreach activ colleg should implement profession peer led program combin outreach educ referr servic offer requir cours provid experienti educ physic activ nutrit
exercis import aspect weight loss stai healthi, right exercis weight loss most import aspect weight loss stai healthi exercis random control weight loss trial overweight women specif compar structur activ regimen aerob exercis class lifestyl activ regimen focu increas time effort spent everydai chore both type activ led compar result after on year
salti snack ti high blood pressur youth, eat lot salt sodium risk factor high blood pressur salt diet children increas worldwid increas consumpt process food research report major sourc sodium worldwid children diet pizza chip sandwich other salti food often eaten snack between meal
daili weigh in encourag weight loss, get scale everi dai mai boost enthusiasm healthi behavior lead greater weight loss accord new us studi
strawberri load pesticid, nearli half food product europ contain residu pesticid strawberri most like exce legal limit
control what much eat, alter palat like unhealth salt sugar on wai control what much eat anoth strategi increas tast food certifi health like veget
lower colestrol reli common sens, lower cholesterol follow noth approachr common sens weed out worst fat add fiber diet go crazi color diet rememb fat whether good bad nine calori gram calori tablespoon
healthi travel let common hazard spoil best laid plan, long road trip carri risk deep vein thrombosi take break stretch leg everi hour
plant base diet nut legum seed help lose weight, plant base diet rich fruit veget whole grain healthi plant oil mai help reduc risk male health concern includ heart diseas stroke diabet cancer ad fresh fruit veget brainer adopt plant base diet neglect nut seed legum
paleo diet mor effect revers metabol syndrom, studi found paleo diet effect revers metabol syndrom first step toward diabet cardiovascular risk patient extra belli fat other risk factor diabet diet base standard guidelin paleo group lost weight even research tri keep weight stabl ad extra calori
paleo diet help lower long term measur blood sugar, studi compar paleo diet standard low fat diabet diet peopl type diabet paleo group end lower long term measur blood sugar lower triglycerid blood pressur level higher level good cholesterol peopl follow paleo diet lost weight belli fat
new crossfit style workout take gym industri, crossfit style workout regimen spread unaffili health club gym
try box instead lift, bore lift weight grab box glove instead peopl find do rep weight exercis mundan might like challeng learn skill well competit social element box
research suggest wearabl onli facilit healthi behavior, wearabl devic facilit driver weight loss health behavior chang
wearabl invest make exercis psycholog invit, maker wearabl fit tracker fitbit garmin jawbon microsoft wristband invest make exercis psycholog invit
appli lesson learn previou diet weight loss attempt, peopl appear behav paradox persist repeat self chang attempt despit previou failur argu though self chang attempt provid initi reward even unsuccess feel control optim often accompani earli stage self modif effort addit unrealist expect concern eas speed like degre chang presum benefit chang mai overwhelm knowledg on prior failur absenc feasibl goal concern amount effort time need rate weight loss benefit gain self chang self determin assess failur occur appli lesson learn previou diet weight loss attempt derail fals hope syndrom instrument achiev last weight loss success
unrealist weight loss goal undermin weight loss effort, research suggest have unrealist weight loss goal undermin effort against consist make behavior chang need last weight loss manag expect particularli relat speed which weight loss achiev help keep weight loss effort track
bodi imag yourself impact kid, research ha shown daughter like idea diet mother diet girl pick comment diet concept mai seem harmless limit high fat food eat less yet girl enter teen year have idea diet caus eat disord
cook home eat healthi less calori, peopl frequent cook meal home eat healthier consum fewer calori cook less accord new john hopkin bloomberg school public health research
home cook disproportion burden mother therebi caus eat, tradit standard good mother demand mother manag unrealist balanc own time monei energi focu while cater desir famili studi find home cook disproportion burden mother therebi induc habit like eat
fruit veget final go social, give cauliflow same type market firepow candi bar potato chip new campaign plan put premis test enlist celebr includ actress jessica alba nba star stephen curri shill fruit veget
why sign gym membership never go gym, busi model gym depend us sign show
walk shoe featur fit keep move, walk shoe should fairli lightweight provid good shock absorpt walk shoe creat equal find fit featur right most walk shoe should comfort
be overweight obes dure pregnanc increas risk both mom babi, be overweight obes dure pregnanc increas risk both mom babi complic increas degre overweight increas complic mom includ increas risk high blood pressur gestat diabet c section difficult deliveri
differ between individu regard bodi fat due genet, research show approxim differ between individu regard bodi fat attribut genet
environ which fetu expos dure pregnanc impact weight later life, environ which fetu expos dure pregnanc impact weight later life mani studi found direct link between both high low birth weight greater likelihood overweight obes year later
increas screen time make kid prone obes, increas screen time spent front tv mobil devic make children prone obes
organic fruit less sweet mai mean lower calori, research suggest flavonol on benefici plant compound mai stabil blood sugar level help keep appetit check while anoth compound resveratrol ha been shown promot full pesticid us convent farm howev mai reduc level resveratrol plant vitamin antioxid aren what make non organ appl bigger what simpl sugar starch which explain why convent produc often sweeter juicier
simplifi pesticid equat organ option, averag american expos pesticid residu dai includ on three highli toxic pesticid call organophosph organ product reduc averag overal dietari exposur percent accord research organ center nonprofit research educ organ
fleet benefit marathon, research show consist long distanc run improv cardiovascular health lower risk disord ey prostat among other organ wall street journal report
employ statu work hour affect weight gain among women, australian women ag had bodi weight employ statu monitor two year result work hour like gain weight compar work fewer hour out workforc what hour woman work week weight she gain
non calor sweetner onli short term impact weight loss, idea replac sugar non calor sweeten help reduc calori intak lead weight loss common belief fact been liter hundr studi non calor sweeten effect weight manag metabol appetit obes result studi vari consider most studi show benefici impact weight loss been short term found impact becaus short length studi problemat conclud non calor sweeten help long term
ye banana, ye banana perhap time recogn banana what exot fruit dai soon mai slip beyond reach
drink water lose weight, typic drink calori dai form beverag like soda juic coffe should try replac calori water
did lose water weight, on wai check hydrat statu weigh yourself befor after exercis befor exercis measur best nude weight first thing morn after urin compar bodi weight befor after exercis us estim sweat loss fluid requir ani weight loss like fluid loss drink enough replenish loss maintain hydrat
chart high fiber food, look add fiber diet fiber along adequ fluid intak move quickli rel easili through digest tract help function properli high fiber diet mai help reduc risk obes heart diseas diabet
flax seed good heart, dietari flax seed protect against ischem heart diseas improv vascular relax respons inhibit incid ventricular fibril
structur diet exercis help prevent postpartum weight gain, structur weight loss program mai especi benefici studi compar weight loss program yourself approach year follow pregnanc found overweight women particip weight loss program lost pound wherea women tri lose weight own lost noth women commit on class week week postpartum had high likelihood success weight loss persist year suggest healthcar profession should strongli encourag postpartum women enrol structur diet exercis program
healthi diet weight control physic activ import long term cardiovascular health, health relat behavior affect diet weight control physic activ import long term cardiovascular health behavior chang difficult initi maintain sake studi research develop health program which social support ha kei role encourag prudent diet weight control physic activ first evalu program coupl begin live togeth group chosen becaus risk weight gain decreas physic activ after marriag readi chang behavior time life cours opportun us partner support achiev behavior chang initi short term studi coupl intak fat takeawai food decreas consumpt fruit veget reduc fat food increas physic activ increas fall blood cholesterol same program modifi weight loss improv dietari habit increas physic activ overweight treat hypertens support partner weight loss seen end week program significantli greater program support partner usual care
behavior weightloss treatment focus self monitor, behavior treatment approach us help individu develop set skill achiev healthier weight behavior chang process facilit through us self monitor goal set problem solv studi suggest behavior treatment produc weight loss dure first mo treatment structur approach meal replac food provis been shown increas number lb lost
face cancer anjelina joli decid take charg, grip heart wrench compel thought my reaction i read through angelina joli journei through cancer prevent manag face strong famili histori ovarian cancer know her courag decis just few year ago doubl mastectomi almost case ovarian cancer diagnos approxim women die annual diseas sober statist face women todai
excess alcohol mai boost liver cancer coffe fight, report world cancer research fund intern found strong evid drink coffe might actual lower person odd liver cancer
water most import nutriti life, undoubtedli most import nutrient onli on whose absenc lethal within dai understand water measur requir veri import effect water daili perform short long term health quit clear import understand role fluid intak health ha emerg import topic partial becaus shift toward larg proport fluid come calor beverag
regular exercis chang brain improv memori think skill, research found regular aerob exercis kind get heart sweat gland pump appear boost size hippocampu brain area involv verbal memori learn
stop foodborn ill faster test vigil home, follow step help ward off bug make us sick wash hand thoroughli befor after prepar food befor eat after us bathroom wash fruit veget poultri fish meat us forc stream clean water blast off surfac bacteria rins off chemicalsrefriger food within on two hour keep refriger frosti f lower
both work parent influenc risk earli death, health effect balanc career parent been studi lot most attent ha focus singl period middl woman life recent research affili harvard univers harvard th chan school public health decid look sustain balanc act decad affect woman risk dy befor ag
bedtim stori young brain, young children learn languag speech hear previou work suggest greater statist divers word linguist context associ better languag outcom on potenti sourc lexic divers text pictur book caregiv read aloud children mani parent begin read children shortli after birth potenti import sourc linguist input mani children
teen year explaint, research ha shown teenag consum calori bodi need consum less nutrit food
fat loss calori matter fat carb, recent studi men women hospit twice two week stai experi restrict calori through fat carbohydr reduct addit prepar meal exercis treadmil on hour dai set pace inclin studi lent credenc popular belief low carb eat cut carb did inde decreas insulin product studi led increas breakdown store fat us energi process known fat oxid contrast low fat diet didn significantli chang insulin product fat oxid result offer solid evid low carb diet aren superior fat loss result studi suggest overal energi balanc biggest factor cut calori what eat
weight loss link bone loss middl ag women, compar amount weight loss research found between men women women lost bone densiti spine hip postmenopaus group men actual gain bone densiti spine had stabl bone densiti hip
common dietari supplement weight loss, doctor feel patient us weight loss supplement mai highli motiv lose weight physician try har motiv encourag proactiv establish approach weight loss chang diet exercis regard futur us dietari supplement weight loss increas regul test dietari supplement industri necessari ani product recommend part respons weight loss program
drink water befor meal lose weight, drink ounc befor meal lead weight loss new studi show result studi preliminari evid water preload befor main meal lead moder weight loss follow
nutrit toddler, young children unpredict time place feel hungri gener innat abil choos well balanc diet errat eat habit often frustrat parentsfood jag occur toddler request repetit present on food while other food exclud entir parent encourag although toddler seem irregular diet total energi intak averag sever dai usual constant
sleep tip, here thing help get good night sleep
teen eat habit, teen increas independ parent often longer control what eat instil gener principl healthi eat help guid teen out smartphon app other onlin tool mai motiv teen mind eat habit mani food journal app websit nutrit fact menu item chain restaurantsther question teenag make mistak along wai continu encourag them take ownership health pai off
employ statu work hour affect weight gain among women, australian women ag had bodi weight employ statu monitor two year result work hour like gain weight compar work fewer hour out workforc what hour woman work week weight she gain
new year resolut bodi fat spot reduct, time year where make new year s resolut get fit healthi alwai on main on most us want lose bodi fat
home cook main ingredi healthier diet studi show, peopl frequent cook meal home eat healthier consum fewer calori cook less accord new john hopkin bloomberg school public health research
coffe flour mai healthier wai enjoi java, research ha shown drink coffe good natur chemic compound coffe bean call chlorogen acid cga thought benefici modul sugar metabol control blood pressur possibl treat heart diseas cancer unfortun coffe roast tradit wai typic abov degre fahrenheit minut cga content drop dramat on studi found decreas rang nearli percent parbak coffe bean cga concentr bare drop scientist forese mani us coffe flour
exercis trainer themselv wouldn, most exercis see peopl perform gym ineffect ineffici mai increas risk injuri ditch common exercis safer effici trainer approv move
start clean slate fitter healthier smarter richer love, rocket scienc know what live healthier live new year seem give us extra push put word action
car commut gain twice much weight non car commut, daili car commut mai lead weight gain certainli aggrav ani exisit condit like high blood sugar high cholesterol aniexti depress
too much procees food children diet, process food especi children often veri littl nutrit valu full unhealthi chemic parent feed them nourish meal home like eat nourish meal outsid home
smartphon applic patient health fit, fit app better help peopl reach health fit goal app analyz data phone inbuilt tool offer plan base user goal frequent feedback person coach motiv social media aspect share mileston friend
downsiz portion help tackl obes, larger portion food increas consumpt studi conduct professor theresa marteau her colleagu past year size tablewar packag portion size ha increas becaus consist eat drink offer wai downsiz ha happen fight obes crisi
see mind help live moment, mind exercis help reduc stress improv mood posit less distract form medit help attent surround
coffe habit help live longer, drink coffe moder part healthi lifestyl ha antioxid help protect bodi cell damag both caffein decaffein been shown protect effect
green tea could help function old ag studi, mani peopl tout health benefit green tea decreas risk certain cancer blood pressur lower effect new studi suggest could alo help ag
car seat driver s seat keep kid safe, infant teen children face mani multipl danger while road inappropri car incorrect instal car seat car jack text while drive drive rite passag son daughter parent rite passag teach model preach hope
kid teen see too mani ad e cigarett store magazin movi tv, cdc youth e cigarett smoke rate ha risen same trajectori spend e cigarett ad nicotin veri addit harm young mind cdc offiici fear compromiis year progress made smoke issu
cdc survei sai singl mom most sleep depriv group usa, singl mom hardest time fall stai alseep often allow other prioriti like work famili oblig social commit higher stand sleepth cdc survei should shine brighter light difficultit face singl mom well problem aris lack sleep includ health issu
studi cardiac arrest victim ignor warn sign, ignor possibl sign heart troubl hope just heart burn faint heart palpit short breath chest pain symptom cardiac arrest which occur least hour befor collaps new studi show mani peopl disregard symptom hour dai even week befor
motor control exercis mai help lower back pain, lbp lower back pain on most common health issu global caus lost dai work ill health disabl motor control exercis design improv coordin control capac muscl support spine safe lbp
prevent servic might know, prevent servic just vaccin screen blood pressur certain cancer includ diet counsel tobacco cessat counsel depress screen diet smoke depress condit lead other health issu like diabet heart diseas stroke lung cancer mental ill know us prevent measur could lead healthier happier life
new dietari guidelin support healthi choic american, follow healthi eat pattern right maintain lifetim help promot healthi bodi weight prevent chronic diseas like type diabet heart diseas obes start small chang eat healthi becom doabl try ad veget each meal american get less recommend amount veget cut back salt refin sugar read nutrit label make inform choic
dietari supplement what need know, dietari supplement meant treat diagnos prevent cure diseas review safeti effect fda befor go market like drug look supplement onlin us non commerci site like fda nih usda sai total safe side effect buyer bewar check doctor advic choos right supplement health
high protein diet low glycem index food better weight loss mainten, studi found weight loss mainten best achiev eat diet moder high protein rel low glycem index matter fact particip group receiv increas protein low glycem index food continu lose weight reduc level carbohydr increas protein content
signific differ weight loss eat probiot yogurt compar low fat yogurt, week studi obes women found signific differ weight loss between group eat probiot yogurt group eat low fat yogurt meal part diet plan howev total cholesterol ldl cholesterol reduc significantli probiot group probiot group show improv insulin sensit
airport travel guid, where doe airport rate scale good new airport chain upscal restaur sport bar cafe diner offer least on plant base meal fiber pack cholesterol free major restauar list guid cater meal dietari need ask them hold chees steam veget us vinaigrett salad
improv food choic, probabi do alreadi like eat tuna can fruit pack water make small chang home eat out like load veggi sandwich us mustard ketchup low fat mayo sandwich have main dish restaur bake grill broil chang add healthier diet life
correl between leisur daili health well be, leisur activ like garden knit fix vintag car cross stitc color be us intervent improv health well be daili life particip studi found less stress less sad while do activ happier heart rate lower benefit last hour after activ
review relationship between sit time risk anxieti, prior research ha found associ between sedentari behavior poor health adult teen same mai true sit dai risk anxieti review evid found anxieti increas sedentari behavior sit time increas research need determin scope te issu
chang children health activ nutrit get educ, chang program focus simpl messag move eat less combin increas physic activ eat healthi meal less sedentari time had signific impact bmi waist circumfer girl boi
food beverag advertis see children teen major market forc, market children teen pervas child advoc media expert feel public health issu own becuas most food advertis children high sugar fat environment social promot healthier eat habit children just need get everyon nation same page
low price high regret price influenc regret eat buffet, pai less eat buffet ayc spark feel guilt due person percept satieti over said recent studi backfir neg ayc restaur offer lower price becaus consum feel guilt associ neg feel restaur restaur offer moder price healthier food choic steer custom healthier eat habit less guilt
employ solut help nurs mom, us women breastfe babi busi american need learn support women take initi speak supervisor befor babi due arriv express need regard space time need store breastmilk employ inform support better babi share resourc them
fruit veget weight manag aid, eat variou type fruit like appl berri plu veget like boi choi brussel sprout cabbag starter great wai manag weight high fiber low glycem index fruit veget result weight loss satieti experienc quicker fewer amount calori consum
read help earli brain health
mai healthiest tastiest year far, what consum look forward color color color want know where food come why farmer market becom veri popular among top ten trend local sourc meat seafood local grown produc natur ingredi healthi kid meal sustain seafood homemad artisan ic cream even popcorn make comeback specialti popcorn arena food truck street food still part realti hit list
healthi snack kid doesn bore tasteless, most kid clamor snack soon get home healthi snack good thing becaus help child control hunger throughout dai provid need nutrient first tip lead exampl child see eat healthi snack keep junk food around home fun make fruit kebab eat cut fruit chopstick
behavior could determin lifespan, true bad habit could shorten life australian research felt sit long period time right smoke alcohol us dietari habit sleep lack physic activ risk factor shorter life good new onc grasp affect longev modifi behavior
watch sport gym help burn calori, answer ye studi journal autonom neurosci found blood flow heart rate sweat respir releas increas watch video someon els run while exercis want bing watch food network while treadmil ellipt won get same physic reaction still better sit couch watch tip watch hous card netflix biggest calori burn
diseas carri tick us counti, lyme diseas case ha tripl last year least american contract lyme diseas each year caught earli treat antibiot problem agress tick found northern northeast midwest part countri protect yourself avoid area thick veget us strong repel bath after hike
home visit spark earli learn babi, call nurs famili partnership which provid home advic health pregancni parent which start dure pregnanc continu toddler year posit outcom ha been reduct child abus increas employ mom improv cognit develop languag skill children children program better prepar school success program congress ha authorzi new fund
pro con healthcar clinic walmart cv big box chain, make health care conveni possibl afford retail health clinic latest health care trend pop walmart drugstor big box chain store seen nurs practition physician assist ill common cold pinkey urinari tract infect well complet physic studi found retail clinic provid equal superior qualiti care compar doctor offic befor jump bandwagon though rememb form health care everyon
dog read human emot, seem dog owner weren wrong believ pet understood them research test adult dog differ breed see recogn emot express voic other dog human dog look longer dog human tone voic match express talent serv dog well human jungl
eat green leafi veget mai lower glaucoma risk, although glaucoma affect approxim american popul silent diseas symptom show until much later diseas process eat green leafi veget like spinach kale which contain nitrat ha been proven lower risk nitrat break down bodi nitric oxid which aid blood flow mai lower ey pressur import overal health becaus onli adult get daili recommend amount veget us guidelin
restaur weight loss like oil water mix well, tuft univers studi restaur meal big chain non chain alik exceed recommend calori suggest on meal realli tough try lose weight want enjoi meal out everi now approxim singl serv dinner should calori half daili recommend calor intak women men good new eat everyth plate altern go out eat
craft perfect budget, live paycheck paycheck probabl roll ey hear word budget financi expert tell pai yourself first becaus dust settl won anyth left emerg dream vacat child colleg educ have budget good mental health less stress anxieti on size doesn fit look situat carefulli mai abl squeez daili trip favorit barista dream vacat
strategi rais child alon, behavior problem come singl mom dad too tire distract disciplin depend emotion support start love establish routin set limit find trust worthi daycar forget take care self stai posit feel guilti have work do what need done take care famili
fat creat equal, studi contain billion peopl countri found heart death satur fat just while heart death eat enough polyunsatur fat found fish plant nut signific dr dariush mozaffarian dean tuft friedman school nutrit scienc polici hi colleagu feel even newest dietari guidelin govern still stress limit satur fat studi enough replac satur fat polyunsatur fat decreas risk heart diseas
keep women happi workplac, simpl realli women notic gender equal divers work whether manag work cultur data fairygodboss websit where women review employ base treat women show higher job satisfact compani treat gender fairli georgen huang cofound fairygodboss told huffpost solut compani should search promot women leadership manag posititon
children explor world through book, children should extraordinari feel book speak them alon pictur book young adult reader list book featur stori peopl color disabl well lgbtq ident other stori often seen ann mari wong editori director scholast read club dhoniel clayton vice presid need divers book both believ good storytel rang topic benefit children young adult teach children understand other like them
bright light take blue awai, light box therapi accept treatment season affect disord sad jama pyschiatri studi publish last novemb show allevi major depress disord studi divid men women group on group had light box antidepress anoth had light box placebo anoth sham treatment antidepress last group had placebo sham treatment first group depress allevi particip second group light box ami what need take blue awai
miss someth commun electron, american on talk person problem sai emma seppa la scienc director center compass altruism research educ stanford univers school medicin stanford california mani us rule tech smartphon tablet comput new researxh show make ey contact befor even utter word brain same wavelength put tech awai interact peopl them
effect weight bear exercis bone health girl meta analysi, help prevent osteoporosi women ag appear kei could young girl performimg weight bear exercis like walk hike jog climb stair plai tenni danc lift weight review studi found signific evid further studi need determin much exercis need produc desir affect prevent osteoporosi
fidget weapon against sit time caus mortal, recent studi shown mortal risk mai increas due sedentari behavior like sit unit kingdom uk women s cohort studi collect data women averag daili sit time overal fidget other pertin inform like physic activ smoke alcohol consumpt women follow year fidget did chang risk mortal link sit time studi need determin type fidgeet benefici
exercis diet social network import well be, lot friend good new studi univers north carolina chapel hill found clear link between social relationship good health throughout live research team found quantiti matter earli late adulthood while qualiti matter middl adulthood benefit live longer
cold medicin riski busi kid, cold cough medicin recommend children under fda still studi safeti effect cold cough medicin children forget medicin side effect cold won go awai ani faster care two medicin same activ ingredi like decongest pain reliev antihistamin could result accident overdos cold viral infect antibiot won work too much exposur lead contract antibiot resist bacteria best wai fight cold prevent
lifestyl choic realli make differ, success weight loss mileston equal food eat physic activ mental attitiud bodi same ingredi import happi mind what eat activ enjoi cultiv posit attitud interest life
walnut lower cholesterol, hand walnut worth try least accord find yale univers prevent research center particip mostli women divid two group given walnut daili month on group told lower calor intak calori compens calori walnut both group total ldl bad cholesterol level fell dramat at walnut everi dai diet healthier eat walnut
stand desk easi wai limit kid sedentari time, includ time go school child spent time sit class bad becaus long period sit ha been link obes diabet well other health problem research review done karl ming team yale school nurs connecticut show sit time reduc minut school dai kid given stand desk evid far point potenti stand desk inlfuenc healthi weight enhanc abil learn pai attent better self esteem
care bad mood could go around, john t cacioppo professor psycholog director center cognit social neurosci univers chicago call emot contagion he said happen millisecond occur imit companion facial express postur bodi languag speech rhythm unconsci word us tone voic connect word aid process anoth factor close relationship person speak bottom line posit peopl around
surpris health condit affect women men, right off breast cancer come mind men get breast cancer too most us associ autoimmun diseas like lupu multipl sclerosi predomin affect women virginia ladd founder execut director american autoimmun relat diseas associ state peopl diagnos lupu women other condit chronic fatigu syndrom celiac diseas depress ib irrit bowel syndrom good new women like go doctor examin treat
look quit smoke e cigarett wai, try quit smoke count e cigarett help stanton glantz center tobacco control research educ univers california san francisco state odd quit percent lower smoker us e cigarett peopl us e cigarett he hi co author sara kalkhoran look multipl studi compar data few studi did show e cigarett help peopl quit smoke overal pattern did glantz did acknowledg mai chang futur
best tool prevent dental decai children, which better tool prevent tooth decai perman molar children adolesc dental sealant fluorid treatment both review done studi particip ag rang year old smaller number us latest review though veri small sampl size conclud sealant fluorid treatment work best follow sealant treatment alon arm children brush teeth regular dental check up sealant fluorid treatment prevent tooth decai perman molar
want great skin ask radiant grandmoth, grandparentscom poll radiant grandmoth around countri skincar habit came secret great look skin alreadi know like drink water wash face moistur daili other factor affect skin get enough sleep have healthi diet have posit attitud exfoli onc week too much sun exposur make dry leatheri look cover between 10am 2pm last yearli check dermatologist make sure skin tip top shape

caffein heart friendli studi said, score anoth point coffe common sourc caffein most american year doctor taught told patient caffein caus heart palpit either flutter skip beat prematur cardiac contract danger becaus associ atrial fibril heart faillur new studi dr gregori marcu cardiologist univers california san francisco hi colleagu gener drink caffein product includ super caffein energi drink everydai associ increas arrhythmia advis cup dai children should limit amount caffein drink powder caffein out question teaspoon equival cup regular coffe
fill mai unnecessari, seven year studi done univers sydnei discov prevent care like brush floss regular check up could prevent stop even revers dental decai without need fill case determin averag take year decai breech enamel outer layer get dentin inner layer prevent car could make dental visit much happier less expens
trigger food exist highli process fatti sugari, food addict diagnosi doesn realli exist tell eaten point overeat pizza cooki chip highli process food onli caus us feel guilti mai physic distress feel sick recent studi dr nicol avena icahn school medicin mount sinai saw food produc behavior attitud similar alcohol drug addit take time establish cerain food actual damag rewir brain ellicit addict respons though dr avena feel good first step recogn food mai link addict eat disord
thing didn t know banana, surpris surpris fact banana fruit herb shock right fruit becaus littl speck see banana seed herb becaus banana tree ha succul stem wood on ginger plant like banana distant cousin fact grown countri varieti divid categori fact mani off label us fix scratch dvd cd remov ink stain sooth insect bite fact befor cavendish banana most popular groceri store todai big mike otherwis know gro michel top banana
research worth watch heart attack younger women, studi oct journal american colleg cardiolog found women had heart attack befor 60th birthdai less like receiv lifesav treatment angioplasti stent men same ag bracket on reason mai women alwai experi classic heart attack symptom like chest pain turn mai caus delai diagnosi treatment anoth aspect women higher risk bleed complic procedur caus doctor offer less frequent
number obes overweight children under five alarm sai, world health organ state around million children ag under obes overweight worldwid most rise develop countri report echo commiss end childhood obes found appar low middl incom countri due global urban culprit market unhealthi food drink obes epidem ha capabl undermin mani health gain throughout globe call partnership govern put action measur would deal environment caus obes help children lead healthi live which birthright
weight loss isn onli reason cut back sugar, averag american eat approxim pound sugar year ten pound bag sugar eat less sugar lower risk diabet well probabl knew alreadi other benefit too decreas risk cancer small intestin lung esophagu studi nation cancer institut sugar doe give boost doesn last come down lead depress limit sugar mean happier sugar especi high fructos corn syrup brain food fact ha neg effect brain function intern journal angiolog sugar increas inflamm which contribut heart problem hypertens bottom line healthier healthier mean longer enjoy life
what sweat reveal health, what sweat tell health mai soon find out ali javei professor electr engin comput scienc univers california berkelei her team submit paper publish natur she state mani chemic sweat each on link infom health sodium potassium glucos lactat import health marker track via sweat dure exercis eventu want track without exercis be factor big becaus track real time pictur near futur where wearabl technolog abl diagnos heavi metal poison sever depress infect
build come, peopl walk bike take public transport work inclin physic activ experi health benefit like healthi bodi weight decreas cardiovascular issu easier commut wai would peopl what uk studi set find out us adult commut live within mile work have new transit infrastructur encourag bike walk ride bu new transit system did inde increas activ commut mai integr part improv public health outcom
dietari supplement calcium prevent fractur, recommend women men take 1200mg calcium dai prevent fractur mani resort dietari supplement meet recommend becaus other studi rais concern safeti calcium supplement kidnei stone stomach heart issu peopl encourag through food eat research want know increas calcium intak through diet decreas risk fractur review data trial observ studi conclud increas dietari calcium did decreas risk fractur evid take calcium supplement weak inconsis best
fight flight brain alert systm stress, fight flight respons whole cascad hormon releas give capabl hold ground run threaten danger ha pass bodi suppos return normal hard modern stress driven world mean stress alarm almost never turn off which lead seriou health issu time goe stress manag wai reboot bodi make stress manag prioriti monitor stress level identifi what trigger rememb onli neg event trigger stress happi on like get marri have babi get new job too eat right get enough sleep regular activ help stai top stress
brain stimul aid memori brain health, dr daniel press neurologist berenson allen center noninvas brain stimul harvard affili beth israel deaco medic center ha us noninvas brain stimul almost year he sai us properli other therapi could promis treatment enhanc mental skill treat mind bodi disord tm transcrani magnet stimul tdc transcrani direct current stimul two form brain stimul each approv fda on medic reason be us clinic trial other treatment which consid off label migrain chronic pain eat disord ring ear condit be treat
matern obes diabet link increas infant autism risk, john hopkin bloomberg school public health studi establish link between obes pregnant women diabet increas risk children develop autism find studi publish pediatr approxim children indentifi autism spectrum disord asd center diseas control prevent cdc decad ago studi relat want look work improv expect mother health increas healthi outcom children
ebook offer interact learn myplat, year famili work small chang toward healthier lifestyl let food nutrit servic help through team nutrit initi current aid seri ebook teach children myplat kind food each food group ebook interact ha narrat highlight word read aloud ideal begin reader make learn nutrit easi fun mobil devic
yoga balanc workout, better balanc mean decreas risk fall yoga stretch strengthen muscl util balanc yoga pose featur challeng abil stand on spot without move static balanc abil prepar react chang move dynam balanc number rep isn import correct form onc master move try harder variat
popular ninja warrior tv show lead kid gymnast class, tv show american ninja warrior inspir gymnast club offer ninja warrior class mani gymnast center offer own ninja curriculum while other sign oeninja zone franchis steve digirolamo owner parkour gym ad ninja obstacl hi gym he believ type train challeng good kid todai develop confid themselv other gymnast center owner agre him parent children take class
machin vs man most complex game todai, alphago artifici intellig built research googl beat fan hui european champion go most complex board game exist todai onc time go two player game possibl arrang put perspect atom univers next challeng beat world champion
get exercis routin off rope fit box, fit box boost strength balanc endur though popular older adult worri head trauma routin hit target area becaus provid full bodi workout plu aerob two type class leader driven like aerob class other focus strength train stretch hit punch bag check out area ymca health club commun center class
troubl mix caffein alcohol know cab, caffein natur ingredi alcohol beverag caffein coffe flavor caffein ad ingredi alcohol beverag manufactur malt version cab unabl show product gener recogn safe studi found caffein hide cue get let us know intox feel drunk like drink lead alcohol poison riski sexual behavior impair judgement safe side drink cab
protect yourself famili friend flu, everyon risk get flu even healthi peopl now februari peak protect on love yourself get vaccin isn too late try avoid alreadi sick wash hand often touch mouth nose ey easiest wai germ spread cough sneez tissu toss awai flu viru bacteria antibiot won work need doctor prescrib antivir stai healthi
doctor text messag medic remind mai around corner, data analysi studi publish paper jama intern medicin found patient went follow through take medic after receiv text remind follow through good becaus take medic expens term increas doctor hospit visit expert approxim cost us between billion billion year patient noncompli medic regimen text messag medic remind work ha potenti prevent major medic event like stroke heart attack prematur death research need determin much too much
blue light screen bulb mai too weak damag ey, good new energi save digit ag where reli low energi light bulb comput tablet mobil phone publish journal ey recent studi found ey safe blue light wavelength emit devic normal blue light wavelength could damag human retina exposur low less exposur receiv blue sky clear dai even inform good protect ey ey strain
indoor tan link melanoma among young women, deann lazovich univers minnesota minneapoli her colleagu examin data adult patient under year old diagnos melanoma between compar them similar peopl without skin cancer between ag year old each group consist women women had done indoor tan women ag under time like melanoma group cancer geri p gui jr center diseas control prevent state oemelanoma most deadli type skin cancer becaus spread other part bodi includ lymph node distant organ catch earli best prognosi
lactos intoler milk allergi what differ, allerg milk lactos intoler although both condit same symptom bloat ga stomach cramp person allerg milk mai break out hive symptom start immedi problem relat immun system be lactos intoler mean bodi doesn enyzm lactas process milk sugar known lactos symptom appear minut hour after eat food wth lactos lactos free product market take lactas pill befor eat food lactos avoid dairi product food lactos make sure other sourc calcium vitamin d
modern parent becom afterthought expert warn, research physician psychologist leonard sax ha last year visit around school seen countless famili where children charg like year old overrul her parent choic privat school year old boi tell hi mother shut she doctor talk hi medic complaint present parent rais children disrespect too busi tell them great without give them dose realiti children must learn sometim go fail humil good famili veri veri import
high oliv oil consumpt link lower breast cancer risk, research keep ey part larg clinic trial spain studi publish jama intern medicin septemb research look differ group women year ag year on group at mediterranean diet plu extra serv oliv oil second mediterranean diet plu extra serv nut last group told limit fat intak result case breast cancer diagnos fewer women diagnos breast cancer oliv oil mediterranean diet group comparison group told limit fat intak oliv oil mediterranean diet could cornerston healthi diet lifestyl
make read norm famili, non profit base ithaca new york call famili read partnership out promot cultur literaci read norm famili program which span differ level child develop infant school ag librari doctor offic polic station free clinic dai care center wic head start anywher expos parent child book work them oeour goal creat cultur literaci which children earli frequent pleasur experi book said elizabeth stilwel interim co director famili read partnership
