nutrut,why,import
fat intak,total,lower
supplement,substitu,benefit
yoga,mental,benefit
whole grain,fiber,meal
kraft,label,singl
vitamin d,cold,lack
coffe,lifestyl,healthi
vegetarian,colorect,lower risk
expenditur,rest,energi
significantli,fibr,consumpt
organ,garden,start
make,food,easier
refriger,thermomet,food
diet,effect,low fat
mainten,long term,loss
milk,chees,good
frequenc,consist,stai
factori,mayb,weight
behaviour,behavior,habit
chang,grain,relat
stress,overeat,why
mg,dietari guidelin,teaspoon
just,gluten free,know
blood,blood pressur,aerob exercis
treatabl,vitamin d,d defici
bone,miner,probiot
quick,weight,behavior
treatment,diet exercis,intervent
spous,weight,habit
team,influenc,outcom
plate,bigger,stomach
fiber,dietari,bodi weight
protein,full,feel
focus,lifestyl,improv
step,public health,recommend
weight loss,veget,fruit
saw,prone,wish
perceiv,eat,hunger
less,whole grain,peopl
time,teenag,healthi diet
childhood,contribut,tv
prefer,junk,later life
rice,trick,calori
confus,sugar,thing
balanc,tai,chi
strength,train,build
power,sleep,luxuri
walk,improv mood,yoga
yoga,anxieti,depress
blemish,must,concern
committe,egg,coffe
nap,boost,product
milk,altern,search
girl,mother,reproduct
estim,correctli,workout
student,colleg,weight manag
aspect,exercis,weight loss
salti,snack,high blood
encourag,weight loss,daili
strawberri,pesticid,load
much,control,what
sens,colestrol,common
spoil,hazard,laid
plant base,legum,seed
syndrom,revers,paleo diet
measur,paleo diet,blood sugar
crossfit,style,gym
box,instead,lift
facilit,wearabl,research suggest
invit,invest,wearabl
attempt,previou,lesson
weight loss,effort,undermin
imag,yourself,impact
cook,home eat,eat healthi
mother,disproportion,burden
final,fruit veget,social
gym,membership,never
featur,walk shoe,move
increas risk,mom,overweight
genet,bodi fat,regard
impact weight,fetu,later life
prone,screen,obes
organic,sweet,mean
organ,pesticid,option
marathon,fleet,benefit
gain,work hour,employ statu
non calor,impact weight,short
banana,ye,slip
water,drink,lose weight
weight,did,water
food,high fiber,chart
flax,seed,heart
postpartum,structur,diet exercis
physic activ,diet weight,weight control
treatment,behavior,monitor
joli,face,cancer
liver,excess,cancer
import,water,nutriti
memori,think,regular
vigil,foodborn,faster
parent,influenc,death
bedtim,young,stori
explaint,teen,year
fat,carb,calori
bone,loss,women
dietari,dietari supplement,weight loss
befor,meal,water
toddler,nutrit,food
sleep,tip,night
teen,eat habit,app
gain,work hour,employ statu
resolut,bodi fat,spot
cook,home,healthier
coffe,flour,java
trainer,wouldn,themselv
smarter,richer,fitter
commut,car,twice
procees,children,much
applic,smartphon,fit
portion,downsiz,tackl
moment,mind,help
coffe,longer,habit
green,could,tea
seat,car,driver
movi,e cigarett,magazin
singl mom,survei,cdc
ignor,arrest,cardiac
motor,control,pain
servic,prevent,might
choic,healthi,dietari guidelin
know,dietari supplement,need
protein,glycem index,low glycem
yogurt,probiot,low fat
airport,travel,guid
food choic,sandwich,improv
leisur,correl,well
anxieti,sit time,review
activ,chang,nutrit
advertis,children,market
price,regret,buffet
employ,solut,nurs
fruit,veget,manag
brain,earli,read
tastiest,healthiest,far
snack,tasteless,bore
lifespan,could,behavior
watch,burn,sport
tick,counti,diseas
spark,home,visit
clinic,walmart,box
dog,human,emot
glaucoma,leafi,green
restaur,mix,oil
budget,perfect,craft
rais,strategi,alon
fat,creat,equal
women,workplac,happi
book,children,explor
light,blue,awai
electron,someth,miss
bear,girl,analysi
fidget,mortal,sit time
network,social,well
cold,medicin,riski
realli,choic,differ
walnut,cholesterol,lower
desk,stand,time
around,mood,bad
condit,women,surpris
smoke,e cigarett,quit
decai,dental,tool
skin,grandmoth,radiant
half,pervas,youth
caffein,friendli,heart
fill,unnecessari,mai
exist,food,highli
banana,didn,thing
younger,heart attack,women
obes,five,overweight
sugar,isn,back
sweat,reveal,what
build,come,commut
calcium,fractur,supplement
stress,flight,fight
memori,aid,brain stimul
autism,matern,infant
ebook,myplat,interact
balanc,yoga,workout
ninja,gymnast,warrior
game,complex,todai
routin,box,rope
caffein,alcohol,cab
flu,yourself,protect
medic,remind,text
blue,ey,light
melanoma,indoor,women
lactos,intoler,milk
parent,afterthought,warn
breast cancer,oliv oil,cancer
famili,read,norm
