weight,138
eat,78
food,76
loss,76
studi,75
diet,67
health,63
women,53
like,50
mai,49
exercis,48
research,48
increas,47
us,47
risk,46
children,45
help,44
fat,43
on,38
year,38
make,36
healthi,36
time,35
behavior,34
activ,34
new,33
peopl,33
other,32
ha,32
found,32
chang,29
low,29
import,29
lower,29
heart,29
less,28
most,28
cancer,28
prevent,27
good,27
group,27
bodi,26
obes,26
high,26
calori,26
dietari,25
need,25
effect,25
physic,25
diseas,24
sugar,24
work,24
meal,24
what,23
veget,23
fruit,23
get,22
dai,22
which,22
improv,22
mani,21
show,20
control,20
take,20
treatment,19
healthier,19
coffe,19
program,19
becaus,19
benefit,19
stress,19
blood,18
ag,18
fiber,18
nutrit,18
befor,18
intak,18
affect,18
drink,18
level,17
between,17
life,17
habit,17
while,16
know,16
includ,16
gain,16
common,16
diabet,16
lead,16
supplement,16
kid,15
adult,15
brain,15
hour,15
go,15
school,15
famili,15
wai,15
feel,15
daili,15
grain,15
home,15
should,15
caus,15
consum,15
vitamin,15
american,14
balanc,14
same,14
lifestyl,14
could,14
manag,14
reduc,14
long,14
even,14
been,14
lose,14
much,14
product,14
decreas,13
caffein,13
consumpt,13
look,13
center,13
read,13
try,13
sit,13
encourag,13
recommend,13
parent,13
suggest,13
well,13
out,13
associ,13
social,13
water,13
link,13
factor,13
whole,13
too,13
term,12
yoga,12
through,12
univers,12
after,12
medic,12
them,12
offer,12
live,12
pressur,12
compar,12
result,12
process,12
week,12
bone,12
had,12
posit,12
self,12
earli,12
plant,12
develop,11
follow,11
provid,11
ey,11
young,11
best,11
organ,11
learn,11
non,11
doctor,11
care,11
differ,11
first,11
be,11
overweight,11
both,11
impact,11
teen,11
type,11
shown,11
support,11
better,11
box,11
limit,11
educ,11
right,11
depress,11
dure,11
stai,10
light,10
keep,10
problem,10
person,10
choic,10
base,10
goal,10
anxieti,10
sourc,10
energi,10
cook,10
last,10
see,10
have,10
issu,10
cold,10
fit,10
smoke,10
class,10
banana,10
review,10
milk,10
walk,10
treat,9
among,9
gym,9
off,9
often,9
ad,9
part,9
least,9
metabol,9
promot,9
disord,9
short,9
pesticid,9
mom,9
protect,9
two,9
child,9
mother,9
fact,9
cholesterol,9
singl,9
car,9
calcium,9
medicin,9
men,9
public,9
calor,8
aid,8
lactos,8
where,8
aerob,8
approxim,8
relat,8
call,8
book,8
alcohol,8
determin,8
effort,8
find,8
employ,8
boost,8
protein,8
yourself,8
regular,8
sleep,8
onli,8
cigarett,8
want,8
mean,8
did,8
around,8
symptom,8
initi,7
label,7
move,7
veri,7
diagnos,7
mind,7
start,7
skin,7
state,7
doesn,7
signific,7
becom,7
hi,7
enough,7
patient,7
amount,7
greater,7
word,7
moder,7
probiot,7
rate,7
ani,7
addit,7
carbohydr,7
oil,7
exposur,7
data,7
anoth,7
market,7
cardiovascular,7
number,7
team,7
free,7
come,7
maintain,7
reason,7
dog,7
restaur,7
lost,7
girl,7
countri,7
averag,7
accord,7
guidelin,7
sweat,7
paleo,7
higher,7
safe,7
equal,7
success,7
major,7
face,7
produc,7
watch,7
step,7
evid,7
check,7
seed,7
measur,7
babi,7
outcom,6
each,6
own,6
benefici,6
death,6
recent,6
receiv,6
snack,6
publish,6
mediterranean,6
frequent,6
blue,6
structur,6
defici,6
workout,6
store,6
particip,6
minut,6
requir,6
half,6
reduct,6
condit,6
mood,6
total,6
salt,6
achiev,6
cut,6
skill,6
pregnanc,6
color,6
focus,6
awai,6
motiv,6
mainten,6
significantli,6
walnut,6
ingredi,6
train,6
old,6
fewer,6
breast,6
lack,6
why,6
individu,6
just,6
strategi,6
later,6
chain,6
respons,6
consist,6
her,6
plan,6
inform,6
sedentari,6
set,6
tool,6
popular,6
clinic,6
extra,6
human,6
stimul,6
report,6
gener,6
longer,6
journal,6
commut,6
onc,6
world,6
without,6
monitor,6
mental,6
pain,6
full,5
middl,5
form,5
tv,5
sign,5
ninja,5
busi,5
under,5
put,5
done,5
area,5
beverag,5
director,5
small,5
text,5
mg,5
avoid,5
fall,5
screen,5
give,5
unrealist,5
tell,5
fight,5
stand,5
regard,5
dental,5
fractur,5
intern,5
concern,5
though,5
insulin,5
glycem,5
multipl,5
fluid,5
influenc,5
at,5
alreadi,5
tip,5
everi,5
chemic,5
burn,5
size,5
ill,5
spous,5
carb,5
told,5
cdc,5
nut,5
gluten,5
rest,5
natur,5
understand,5
might,5
bad,5
still,5
servic,5
syndrom,5
statu,5
quit,5
miner,5
continu,5
due,5
bacteria,5
decai,5
function,5
littl,5
colleg,5
big,5
overal,5
todai,5
won,5
wearabl,5
neg,5
thing,5
sodium,5
dr,5
sai,5
weigh,4
clear,4
prepar,4
expos,4
jama,4
antibiot,4
wash,4
attent,4
older,4
john,4
experi,4
similar,4
devic,4
partnership,4
seen,4
trial,4
rais,4
said,4
attitud,4
fish,4
express,4
previou,4
absenc,4
portion,4
almost,4
refriger,4
abil,4
index,4
happier,4
sustain,4
approach,4
colleagu,4
sealant,4
featur,4
attack,4
establish,4
student,4
yogurt,4
oliv,4
idea,4
pai,4
gymnast,4
divers,4
cortisol,4
spine,4
sick,4
list,4
begin,4
price,4
possibl,4
against,4
recogn,4
app,4
add,4
main,4
expert,4
australian,4
back,4
especi,4
realli,4
do,4
appli,4
fda,4
regimen,4
toddler,4
she,4
friend,4
green,4
challeng,4
matter,4
case,4
seem,4
test,4
legum,4
damag,4
fill,4
altern,4
plu,4
he,4
expect,4
satur,4
although,4
replac,4
dairi,4
attempt,4
club,4
rang,4
strength,4
style,4
potenti,4
guid,4
appear,4
nurs,4
great,4
occur,4
languag,4
visit,4
psycholog,4
percent,4
sever,4
top,4
highli,4
chronic,4
isn,4
safeti,4
known,4
prone,4
shoe,4
sweeten,4
serv,4
woman,4
aspect,4
throughout,4
consid,4
scienc,4
california,4
track,4
pregnant,4
trigger,4
larg,4
let,4
memori,4
guilt,3
autism,3
everyon,3
muscl,3
period,3
owner,3
run,3
exist,3
tri,3
hit,3
spread,3
side,3
spent,3
cough,3
aren,3
flu,3
remind,3
melanoma,3
infant,3
sure,3
facilit,3
present,3
desk,3
practic,3
physician,3
specif,3
creat,3
postmenopaus,3
led,3
partner,3
kraft,3
nutrient,3
doubl,3
fortifi,3
danger,3
easier,3
plate,3
compound,3
rice,3
postpartum,3
standard,3
disinhibit,3
hope,3
therebi,3
fidget,3
flour,3
ye,3
airport,3
teenag,3
eaten,3
thought,3
degre,3
cga,3
reach,3
birth,3
mobil,3
cultur,3
billion,3
tai,3
point,3
mortal,3
pattern,3
game,3
lot,3
infect,3
densiti,3
warrior,3
abl,3
seat,3
drug,3
bean,3
stori,3
here,3
poor,3
content,3
habitu,3
prefer,3
howev,3
revers,3
voic,3
releas,3
sandwich,3
intervent,3
contain,3
garden,3
focu,3
direct,3
modern,3
futur,3
surpris,3
popcorn,3
sun,3
easi,3
along,3
prematur,3
cab,3
strong,3
easili,3
budget,3
trend,3
groceri,3
break,3
intoler,3
chip,3
popul,3
flow,3
stomach,3
disabl,3
ebook,3
difficult,3
knowledg,3
approv,3
lift,3
simpl,3
chi,3
hand,3
adulthood,3
addict,3
beat,3
further,3
nearli,3
hopkin,3
divid,3
smartphon,3
comput,3
hip,3
unit,3
believ,3
enjoi,3
soon,3
failur,3
given,3
current,3
normal,3
emot,3
relationship,3
speak,3
hypertens,3
oxid,3
enhanc,3
few,3
grow,3
messag,3
whose,3
alon,3
fluorid,3
cup,3
ask,3
saw,3
indoor,3
cardiac,3
contract,3
stretch,3
actual,3
liver,3
refin,3
bloomberg,3
stem,3
undermin,3
decis,3
conclud,3
end,3
worldwid,3
rememb,3
bear,3
teaspoon,3
hunger,3
contribut,3
unhealthi,3
pound,3
probabl,3
stroke,3
scale,3
toward,3
boi,3
professor,3
estim,3
vegetarian,3
happi,3
pictur,3
within,3
love,3
routin,3
teach,3
appetit,3
complic,3
wavelength,3
interact,3
harvard,3
allerg,2
bigger,2
talk,2
kind,2
coupl,2
tea,2
didn,2
fibril,2
reli,2
tract,2
would,2
invit,2
complex,2
ovarian,2
everydai,2
expens,2
examin,2
rel,2
analysi,2
riski,2
noth,2
walmart,2
warn,2
bike,2
ago,2
local,2
norm,2
convent,2
second,2
co,2
late,2
head,2
depend,2
solv,2
cours,2
episod,2
egg,2
mix,2
smaller,2
literaci,2
neurosci,2
quick,2
industri,2
lbp,2
joli,2
histori,2
correl,2
cope,2
alarm,2
daughter,2
strengthen,2
incorpor,2
choos,2
advic,2
yr,2
poison,2
anim,2
tuft,2
avena,2
build,2
junk,2
har,2
gland,2
bag,2
involv,2
likelihood,2
leisur,2
youth,2
myplat,2
genet,2
search,2
forc,2
solut,2
speed,2
power,2
irregular,2
noninvas,2
place,2
appl,2
night,2
veggi,2
statist,2
consider,2
ideal,2
stabl,2
elev,2
linguist,2
kei,2
fast,2
alwai,2
cereal,2
juic,2
born,2
herb,2
residu,2
takeawai,2
trainer,2
capabl,2
tan,2
resolut,2
usual,2
allow,2
workforc,2
critic,2
colorect,2
frequenc,2
phone,2
tablet,2
hear,2
antioxid,2
travel,2
emerg,2
molar,2
survei,2
acid,2
ignor,2
typic,2
odd,2
decad,2
drop,2
doe,2
polyunsatur,2
sport,2
flax,2
clean,2
predictor,2
prior,2
wide,2
past,2
sad,2
synthet,2
analyz,2
reaction,2
nourish,2
slow,2
spark,2
implement,2
overeat,2
load,2
motor,2
downsiz,2
necessari,2
design,2
medit,2
action,2
dose,2
road,2
model,2
resist,2
drive,2
hold,2
passag,2
rite,2
epidem,2
role,2
bread,2
despit,2
made,2
champion,2
fun,2
commit,2
lung,2
site,2
belli,2
disproportion,2
postur,2
counsel,2
rich,2
onlin,2
system,2
pack,2
chees,2
affili,2
blemish,2
yet,2
allevi,2
vari,2
bar,2
cater,2
whether,2
cognit,2
ayc,2
extraordinari,2
up,2
layer,2
fetu,2
true,2
certain,2
media,2
advertis,2
regret,2
thin,2
anyon,2
ldl,2
buffet,2
tone,2
over,2
faster,2
troubl,2
must,2
network,2
decid,2
endometri,2
share,2
berri,2
mostli,2
compani,2
satieti,2
topic,2
valu,2
event,2
meat,2
seafood,2
biggest,2
aloud,2
contact,2
street,2
bore,2
score,2
modifi,2
tobacco,2
glantz,2
glaucoma,2
prescrib,2
question,2
treadmil,2
commun,2
worth,2
carri,2
lyme,2
resveratrol,2
tick,2
target,2
modif,2
bottom,2
sens,2
guilti,2
fund,2
healthcar,2
dream,2
retail,2
distant,2
salti,2
yale,2
diagnosi,2
paycheck,2
radiant,2
superior,2
perceiv,2
commerci,2
match,2
antidepress,2
leafi,2
job,2
vacat,2
tradit,2
hospit,2
line,2
gender,2
sham,2
stanford,2
outreach,2
turn,2
ditch,2
nap,2
desir,2
situat,2
trip,2
lesson,2
distract,2
ten,2
uk,2
instead,2
potassium,2
properli,2
lupu,2
websit,2
mileston,2
nitrat,2
invest,2
crossfit,2
fairli,2
fairygodboss,2
relax,2
pizza,2
enter,2
osteoporosi,2
placebo,2
paper,2
charg,2
persist,2
transcrani,2
tech,2
bulb,2
month,2
prioriti,2
dramat,2
govern,2
stop,2
hike,2
arrest,2
driver,2
themselv,2
it,2
now,2
forget,2
inclin,2
chest,2
temperatur,2
eas,2
offic,2
combin,2
latest,2
far,2
flight,2
driven,2
happen,2
speech,2
grandmoth,2
sclerosi,2
stage,2
lactas,2
mayb,2
francisco,2
autoimmun,2
perman,2
tooth,2
nation,2
strawberri,2
grown,2
rep,2
absorpt,2
therapi,2
down,2
brush,2
palpit,2
sugari,2
flavor,2
childhood,2
burden,2
hormon,2
qualiti,2
weak,2
meet,2
shock,2
expenditur,2
fix,2
remov,2
sooth,2
shift,2
transit,2
younger,2
never,2
perform,2
twice,2
global,2
environment,2
hydrat,2
reader,2
lifetim,2
vaccin,2
committe,2
spot,2
inde,2
environ,2
profession,2
kidnei,2
treatabl,2
beyond,2
san,2
belief,2
three,2
repeat,1
pro,1
principl,1
length,1
angiolog,1
chan,1
enlist,1
globe,1
oemelanoma,1
sometim,1
reboot,1
node,1
laid,1
cultiv,1
doabl,1
instrument,1
chines,1
restauar,1
packag,1
adolesc,1
glucos,1
progress,1
nitric,1
unabl,1
pleasur,1
simplifi,1
septemb,1
dhoniel,1
administr,1
settl,1
michel,1
nonprofit,1
berenson,1
premis,1
fructos,1
fals,1
spain,1
disrespect,1
contagion,1
hive,1
nutriti,1
kingdom,1
seppa,1
marker,1
emma,1
reveal,1
indentifi,1
man,1
bit,1
chart,1
bandwagon,1
indic,1
cost,1
board,1
digirolamo,1
distanc,1
virginia,1
disciplin,1
speck,1
uterin,1
paradox,1
farm,1
breastfe,1
composit,1
strongli,1
declin,1
deserv,1
commite,1
franchis,1
jungl,1
togeth,1
compass,1
institut,1
depth,1
movi,1
sneez,1
gui,1
brainer,1
sinai,1
tackl,1
electr,1
bewar,1
rule,1
digit,1
founder,1
els,1
jog,1
demonstr,1
ketchup,1
vinaigrett,1
immedi,1
prebiot,1
constant,1
ladd,1
zone,1
candi,1
ident,1
real,1
bracket,1
connect,1
everyth,1
resourc,1
deem,1
seriou,1
asd,1
sky,1
enamel,1
risen,1
millisecond,1
attribut,1
spend,1
marri,1
bake,1
spinach,1
circumfer,1
trauma,1
allergi,1
respir,1
previous,1
germ,1
comment,1
knit,1
close,1
bowel,1
stephen,1
glass,1
five,1
million,1
derail,1
pediatr,1
therefor,1
procedur,1
ib,1
leatheri,1
element,1
overrul,1
count,1
son,1
vice,1
vein,1
white,1
smoker,1
oeninja,1
rhythm,1
migrain,1
preval,1
morn,1
extend,1
tast,1
alik,1
mistak,1
commiss,1
jag,1
meta,1
farmer,1
identifi,1
someth,1
lipid,1
wall,1
pervas,1
bu,1
enjoy,1
altruism,1
york,1
wristband,1
depriv,1
leonard,1
steve,1
actress,1
catch,1
acknowledg,1
birthdai,1
attitiud,1
alter,1
cardiolog,1
taught,1
danc,1
sampl,1
built,1
ming,1
televis,1
perspect,1
submit,1
craft,1
overestim,1
tree,1
corner,1
triglycerid,1
dentin,1
press,1
correctli,1
microsoft,1
fundament,1
digest,1
save,1
observ,1
courag,1
option,1
chill,1
curri,1
toxic,1
unaffili,1
remain,1
celiac,1
juicier,1
mode,1
plai,1
pre,1
googl,1
frosti,1
left,1
fan,1
renew,1
ellicit,1
squeez,1
drunk,1
hazard,1
folat,1
weed,1
dust,1
gram,1
jr,1
punch,1
mention,1
trick,1
increasingli,1
nicotin,1
final,1
overdos,1
induc,1
utter,1
concept,1
approachr,1
adren,1
cure,1
cover,1
pertin,1
fatti,1
corn,1
aris,1
probabi,1
barista,1
viru,1
readi,1
jawbon,1
author,1
favorit,1
ear,1
thermomet,1
comfort,1
mo,1
certifi,1
karl,1
interim,1
cauliflow,1
choi,1
provis,1
posititon,1
worrisom,1
faillur,1
drugstor,1
deriv,1
antihistamin,1
psychologist,1
javei,1
worthi,1
starter,1
hippocampu,1
util,1
leader,1
highlight,1
immun,1
experienti,1
user,1
synbiot,1
incom,1
academi,1
abus,1
bloat,1
oct,1
ventricular,1
anyth,1
sara,1
tracker,1
judgement,1
performimg,1
outer,1
antivir,1
arena,1
cessat,1
unpredict,1
irrit,1
nicol,1
complaint,1
paramet,1
arrhythmia,1
lent,1
cascad,1
shill,1
mate,1
aggrav,1
rapidli,1
eight,1
matern,1
deep,1
firepow,1
near,1
appar,1
emul,1
cream,1
hungri,1
mouth,1
liter,1
vigil,1
israel,1
tasteless,1
machin,1
maxim,1
monei,1
mozaffarian,1
tuberculosi,1
vs,1
fibr,1
cramp,1
microorgan,1
page,1
intend,1
viral,1
emotion,1
opt,1
explain,1
emit,1
clamor,1
noncompli,1
invers,1
rewir,1
request,1
geri,1
argu,1
comeback,1
specialti,1
pyschiatri,1
swap,1
cerain,1
suffici,1
compel,1
investig,1
almond,1
harmless,1
distress,1
membership,1
retreat,1
resort,1
master,1
nine,1
reward,1
ongo,1
vigor,1
alert,1
prudent,1
vascular,1
ginger,1
retina,1
chaotic,1
novemb,1
fidgeet,1
pose,1
decaffein,1
anywher,1
competitor,1
ancient,1
menstruat,1
realti,1
notic,1
agress,1
wood,1
yearli,1
six,1
inflamm,1
presid,1
behav,1
transport,1
newest,1
humil,1
decongest,1
slash,1
multi,1
compromiis,1
europ,1
breed,1
neurologist,1
crazi,1
mastectomi,1
urban,1
deliveri,1
problemat,1
until,1
proport,1
infrastructur,1
systm,1
ineffect,1
starch,1
coconut,1
celebr,1
foodborn,1
dynam,1
sleepth,1
petroleum,1
surround,1
fitbit,1
underestim,1
couch,1
adopt,1
mount,1
ti,1
infom,1
room,1
bowl,1
hardest,1
perhap,1
complet,1
poll,1
quantiti,1
ga,1
scratch,1
sake,1
capac,1
came,1
wealth,1
predomin,1
deaco,1
coach,1
giant,1
teeth,1
stuck,1
harm,1
unsuccess,1
presum,1
shut,1
obstacl,1
ann,1
dermatologist,1
intent,1
interest,1
arrang,1
assess,1
privat,1
tm,1
icahn,1
campus,1
station,1
fatigu,1
counti,1
lgbtq,1
friendli,1
friedman,1
strain,1
lifesav,1
dark,1
accompani,1
secret,1
random,1
sponsor,1
lactat,1
particularli,1
forum,1
can,1
lightweight,1
ownership,1
alo,1
chlorogen,1
stilwel,1
truck,1
manufactur,1
organophosph,1
regul,1
homeostasi,1
incorrect,1
dad,1
wong,1
birthright,1
categori,1
tdc,1
insect,1
assist,1
inbuilt,1
hui,1
explor,1
nose,1
meant,1
either,1
succul,1
cool,1
nba,1
offiici,1
repel,1
commonli,1
seri,1
feed,1
atkin,1
trust,1
suppos,1
seven,1
male,1
frown,1
floss,1
conclut,1
season,1
skip,1
weapon,1
procees,1
ring,1
wth,1
proper,1
mike,1
surfac,1
esophagu,1
metal,1
nutrut,1
pick,1
cv,1
estrogen,1
african,1
alba,1
victim,1
classic,1
gregori,1
breakdown,1
flavonol,1
accur,1
agre,1
equat,1
breath,1
supervisor,1
fertil,1
elizabeth,1
answer,1
imit,1
syrup,1
north,1
cooki,1
curriculum,1
rope,1
companion,1
powder,1
mundan,1
ellipt,1
cousin,1
growth,1
allen,1
heavi,1
went,1
garmin,1
him,1
tough,1
draw,1
span,1
scholast,1
replenish,1
huffpost,1
grab,1
buyer,1
wrong,1
pet,1
teammat,1
feasibl,1
orient,1
weren,1
dish,1
facial,1
minnesota,1
cue,1
unnecessari,1
cafe,1
enrol,1
brittl,1
tissu,1
mayo,1
annual,1
poultri,1
worri,1
jump,1
sensit,1
tuna,1
intellig,1
easiest,1
static,1
breech,1
collaps,1
leg,1
demand,1
proven,1
defect,1
chore,1
lymph,1
forward,1
cross,1
unhealth,1
soi,1
bite,1
longev,1
esteem,1
chopstick,1
workplac,1
inhibit,1
b9,1
bmi,1
waist,1
eventu,1
cycl,1
angelina,1
south,1
engin,1
fleet,1
ramp,1
talent,1
hill,1
stanton,1
gro,1
react,1
climb,1
perfect,1
dariush,1
carefulli,1
tablespoon,1
sober,1
echo,1
grasp,1
unconsci,1
daniel,1
ali,1
peak,1
tenni,1
custom,1
undoubtedli,1
rehabilit,1
glove,1
backfir,1
dirt,1
folic,1
repetit,1
puberti,1
grade,1
breastmilk,1
return,1
factori,1
percept,1
steer,1
bathroom,1
delai,1
wrinkl,1
arriv,1
exce,1
kalkhoran,1
chemicalsrefriger,1
motion,1
beth,1
soda,1
usda,1
jessica,1
dean,1
advis,1
favor,1
wic,1
bedtim,1
hide,1
ischem,1
cabbag,1
rise,1
minim,1
parkour,1
sweet,1
star,1
cohort,1
spoil,1
luxuri,1
peer,1
electron,1
endur,1
miss,1
thu,1
promis,1
exagger,1
european,1
acut,1
circul,1
applic,1
dens,1
order,1
stair,1
accept,1
incid,1
cofound,1
referr,1
architectur,1
feedback,1
artisan,1
homemad,1
palat,1
ic,1
disregard,1
minneapoli,1
bout,1
maker,1
optim,1
thick,1
la,1
urin,1
intox,1
fahrenheit,1
stabil,1
chapel,1
restaurantsther,1
fitter,1
atom,1
accident,1
rippl,1
wish,1
ineffici,1
kebab,1
next,1
abov,1
reliev,1
becuas,1
toss,1
exfoli,1
overwhelm,1
shorter,1
scientist,1
video,1
carolina,1
sweetner,1
crisi,1
discov,1
safer,1
huang,1
smarter,1
richer,1
tripl,1
quickli,1
certainli,1
georgen,1
autonom,1
arm,1
rib,1
exceed,1
someon,1
riboflavin,1
ithaca,1
dietet,1
hous,1
sydnei,1
hundr,1
dry,1
oblig,1
silent,1
cacioppo,1
theresa,1
card,1
mari,1
salad,1
bug,1
cell,1
atrial,1
felt,1
editori,1
colestrol,1
via,1
variat,1
compens,1
instal,1
vintag,1
pregancni,1
grandparentscom,1
realiti,1
exot,1
ghrelin,1
undertook,1
ami,1
difficultit,1
preach,1
usa,1
marathon,1
narrat,1
dinner,1
pump,1
netflix,1
hypothes,1
northeast,1
congress,1
kale,1
clayton,1
pop,1
wrist,1
psycho,1
researxh,1
faint,1
afford,1
cardiologist,1
credenc,1
weightloss,1
potato,1
preload,1
pinkey,1
exampl,1
experienc,1
ground,1
daycar,1
magnet,1
deadli,1
wrote,1
evalu,1
imag,1
nih,1
polic,1
inlfuenc,1
upscal,1
afterthought,1
player,1
stitc,1
urinari,1
spectrum,1
thoroughli,1
librari,1
goe,1
understood,1
broil,1
grill,1
fail,1
polici,1
pedomet,1
mustard,1
compon,1
scope,1
push,1
insid,1
partial,1
anjelina,1
multivitamin,1
caught,1
integr,1
red,1
durat,1
caregiv,1
die,1
numer,1
excess,1
technolog,1
front,1
distinguish,1
lethal,1
harder,1
tailor,1
super,1
alphago,1
milligram,1
inspir,1
dy,1
hard,1
stream,1
rather,1
con,1
version,1
th,1
section,1
sexual,1
lexic,1
sprout,1
bleed,1
input,1
fresh,1
brussel,1
pace,1
contrast,1
context,1
ink,1
legal,1
prostat,1
basi,1
wherea,1
instil,1
errat,1
parentsfood,1
exclud,1
injuri,1
stent,1
februari,1
correct,1
d3,1
midwest,1
chosen,1
practition,1
unfortun,1
roll,1
parbak,1
bare,1
connecticut,1
bing,1
confid,1
soft,1
independ,1
rocket,1
varieti,1
wouldn,1
threaten,1
advoc,1
enthusiasm,1
equival,1
stamp,1
larger,1
conduct,1
substitu,1
moment,1
stone,1
shape,1
bath,1
malt,1
nude,1
beach,1
profit,1
reproduct,1
trajectori,1
nudg,1
lifespan,1
oeour,1
chicago,1
shine,1
lb,1
deal,1
stain,1
conveni,1
aniexti,1
worst,1
authorzi,1
intestin,1
northern,1
execut,1
prognosi,1
artifici,1
ymca,1
marcu,1
angioplasti,1
pass,1
touch,1
tire,1
grip,1
impair,1
entir,1
think,1
mor,1
inner,1
neglect,1
journei,1
marteau,1
advisori,1
iu,1
ride,1
fell,1
verbal,1
berkelei,1
blast,1
shortli,1
rins,1
preand,1
explaint,1
cavendish,1
jack,1
restrict,1
steam,1
preliminari,1
proactiv,1
gestat,1
innat,1
frustrat,1
dvd,1
healthiest,1
item,1
storytel,1
roast,1
diner,1
concentr,1
effici,1
slate,1
confus,1
relaps,1
knew,1
nestl,1
slip,1
tablewar,1
tastiest,1
inappropri,1
emphasi,1
magazin,1
fear,1
te,1
leadership,1
variou,1
respect,1
techniqu,1
coordin,1
sweeter,1
pill,1
opportun,1
flutter,1
countless,1
enyzm,1
marriag,1
in,1
substitut,1
medicinestudi,1
solid,1
comparison,1
ward,1
min,1
act,1
tapioca,1
ounc,1
banish,1
forese,1
deann,1
menu,1
java,1
moistur,1
culprit,1
outsid,1
collect,1
skincar,1
satisfact,1
thrombosi,1
avail,1
bright,1
adequ,1
modul,1
sax,1
sunscreen,1
organic,1
my,1
alseep,1
quicker,1
purpl,1
space,1
financi,1
career,1
competit,1
tout,1
inconsis,1
shorten,1
brighter,1
cornerston,1
suffer,1
across,1
campaign,1
cd,1
upon,1
exisit,1
mile,1
bucket,1
wrench,1
lazovich,1
behaviour,1
otherwis,1
efficaci,1
weight loss,68
physic activ,19
fruit veget,13
whole grain,11
lose weight,11
blood pressur,11
studi found,11
heart diseas,10
vitamin d,10
low fat,8
e cigarett,8
long term,8
bodi weight,8
public health,8
sit time,7
weight gain,7
dietari supplement,7
food choic,6
behavior chang,6
health issu,6
decreas risk,6
good new,6
high blood,6
breast cancer,6
healthi diet,6
impact weight,5
research ha,5
weight manag,5
eat habit,5
risk factor,5
dure pregnanc,5
what eat,5
diet weight,5
lower risk,5
paleo diet,5
loss program,5
increas risk,5
recent studi,5
mediterranean diet,5
help reduc,5
gluten free,4
increas physic,4
high fiber,4
low glycem,4
glycem index,4
eat healthi,4
walk shoe,4
later life,4
research show,4
research suggest,4
singl mom,4
dietari guidelin,4
satur fat,4
non calor,4
young adult,4
light box,4
weight control,4
aerob exercis,4
process food,4
research found,4
diet exercis,4
d defici,4
brain stimul,4
school public,4
employ statu,4
work hour,4
affect weight,4
bodi fat,4
accord new,4
blood sugar,4
heart attack,4
need determin,4
women ag,4
improv mood,4
studi publish,4
exercis help,4
oliv oil,4
fat intak,4
studi suggest,4
studi show,4
plant base,4
home eat,4