nutrution,why,important
fat intake,total,lowering
supplements,substitues,benefits
yoga,mental,benefits
whole grain,fiber,meals
kraft,labelled,singles
vitamin d,cold,lack
coffee,lifestyle,healthy
vegetarian,colorectal,lower risk
expenditure,resting,energy
significantly,fibre,consumption
organic,garden,start
makes,food,easier
refrigerator,thermometers,food
diets,effective,low fat
maintenance,long term,loss
milk,cheese,good
frequency,consistent,stay
factorys,maybe,weight
behaviour,behavioral,habits
changes,grain,relation
stress,overeat,why
mg,dietary guidelines,teaspoon
just,gluten free,know
blood,blood pressure,aerobic exercise
treatable,vitamin d,d deficiency
bone,mineral,probiotics
quick,weight,behavior
treatments,diet exercise,interventions
spouse,weight,habits
team,influences,outcomes
plate,bigger,stomach
fiber,dietary,body weight
protein,full,feel
focusing,lifestyle,improving
step,public health,recommends
weight loss,vegetables,fruits
saw,prone,wishing
perceived,eating,hunger
less,whole grain,people
time,teenage,healthy diet
childhood,contribute,tv
prefer,junk,later life
rice,trick,calories
confusing,sugar,things
balance,tai,chi
strength,training,builds
power,sleep,luxury
walking,improvement mood,yoga
yoga,anxiety,depression
blemishes,must,concerned
committee,eggs,coffee
naps,boost,productivity
milk,alternate,search
girls,mothers,reproductive
estimating,correctly,workout
students,college,weight management
aspect,exercise,weight loss
salty,snacks,high blood
encourage,weight loss,daily
strawberries,pesticides,loaded
much,controlling,what
sense,colestrol,common
spoil,hazard,laid
plant based,legumes,seeds
syndrome,reversing,paleo diet
measure,paleo diet,blood sugar
crossfit,style,gym
boxing,instead,lifting
facilitators,wearables,research suggests
inviting,investing,wearable
attempts,previous,lessons
weight loss,efforts,undermine
image,yourself,impacts
cook,home eat,eat healthy
mothers,disproportionately,burdens
finally,fruits vegetables,social
gym,memberships,never
features,walking shoes,moving
increases risks,mom,overweight
genetics,body fatness,regards
impacts weight,fetus,later life
prone,screen,obesity
organice,sweet,mean
organic,pesticide,option
marathons,fleeting,benefits
gain,work hours,employment status
non caloric,impact weight,short
bananas,yes,slip
water,drink,lose weight
weight,did,water
foods,high fiber,chart
flax,seed,heart
postpartum,structured,diet exercise
physical activity,diet weight,weight control
treatment,behavioral,monitoring
jolie,face,cancer
liver,excess,cancer
important,water,nutritient
memory,thinking,regular
vigilance,foodborne,faster
parenting,influence,death
bedtime,young,stories
explainted,teen,years
fat,carbs,calories
bone,loss,women
dietary,dietary supplements,weight loss
before,meals,water
toddlers,nutrition,food
sleep,tips,
teen,eating habits,apps
gain,work hours,employment status
resolution,body fat,spot
cooking,home,healthier
coffee,flour,java
trainers,,themselves
smarter,richer,fitter
commuters,car,twice
proceesed,children,much
applications,smartphone,fitness
portions,downsizing,tackle
moment,mindfulness,helps
coffee,longer,habit
green,could,tea
seat,car,
movies,e cigarettes,magazines
single moms,survey,cdc
ignore,arrest,cardiac
motor,control,pain
services,preventive,might
choices,healthy,dietary guidelines
know,dietary supplements,need
protein,glycemic index,low glycemic
yogurt,probiotic,low fat
airport,travel,guide
food choices,sandwich,improving
leisure,correlation,well
anxiety,sitting time,review
activity,change,nutrition
advertisers,children,marketing
prices,regret,buffets
employer,solutions,nursing
fruits,vegetables,management
brain,early,reading
tastiest,healthiest,far
snacks,tasteless,boring
lifespan,could,behaviors
watching,burn,sports
ticks,counties,disease
spark,home,visits
clinics,walmart,box
dogs,human,emotion
glaucoma,leafy,green
restaurants,mix,oil
budget,perfect,craft
raising,strategies,alone
fats,created,equal
women,workplace,happy
books,children,explore
light,blues,away
electronically,something,missing
bearing,girls,analysis
fidgeting,mortality,sitting time
networks,social,well
cold,medicines,risky
really,choices,difference
walnuts,cholesterol,lower
desks,standing,time
around,moods,bad
conditions,women,surprising
smoking,e cigarette,quit
decay,dental,tool
skin,grandmother,radiant
,,
caffeine,friendly,heart
fillings,unnecessary,may
exist,foods,highly
bananas,,things
younger,heart attacks,women
obese,five,overweight
sugar,,back
sweat,reveals,what
build,come,commute
calcium,fractures,supplemental
stress,flight,fight
memory,aid,brain stimulation
autism,maternal,infant
ebooks,myplate,interactive
balance,yoga,workout
˜ninja,gymnastic,warrior™
game,complex,today
routine,boxing,ropes
caffeine,alcohol,cabs
flu,yourself,protect
medication,reminder,text
blue,eyes,light
melanoma,indoor,women
lactose,intolerance,milk
parents,afterthought,warns
breast cancer,olive oil,cancer
families,reading,norm
